0.20829626018,0.207147977005,0.0118568572104,0.011717919512
0.207147977005,0.201417598228,0.021717919512,0.0212562773905
0.201417598228,0.195127863136,0.0312562773905,0.030308932974
0.195127863136,0.192130574201,0.040308932974,0.0387470795418
0.192130574201,0.186168265303,0.0487470795418,0.0464812541487
0.186168265303,0.175895011101,0.0564812541487,0.0534616718724
0.175895011101,0.167311801986,0.0634616718724,0.059674620676
0.167311801986,0.157466879499,0.069674620676,0.0651362753955
0.157466879499,0.149359986661,0.0751362753955,0.0698853504575
0.149359986661,0.132233093777,0.0798853504575,0.0739757701349
0.132233093777,0.112959601082,0.0839757701349,0.0774701542678
0.112959601082,0.110454908047,0.0874701542678,0.0804345332371
0.110454908047,0.124360759571,0.0904345332371,0.0829343995266
0.124360759571,0.125762496338,0.0929343995266,0.0850320015244
0.125762496338,0.118337764973,0.0950320015244,0.0867846797099
0.118337764973,0.106631283514,0.0967846797099,0.0882440113364
0.106631283514,0.0987466979302,0.0982440113364,0.0894555402281
0.0987466979302,0.0935529326571,0.0994555402281,0.0904589013281
0.0935529326571,0.09060102847,0.100458901328,0.0912881900513
0.09060102847,0.0736659698704,0.101288190051,0.0919724654875
0.0736659698704,0.0750922150976,0.101972465488,0.0925363098273
0.0750922150976,0.0737794873331,0.102536309827,0.093000392743
0.0737794873331,0.0773362233669,0.103000392743,0.0933820091277
0.0773362233669,0.0675047824056,0.103382009128,0.0936955725872
0.0675047824056,0.0633935175049,0.103695572587,0.093953056588
0.0633935175049,0.0617583504696,0.103953056588,0.0941643813273
0.0617583504696,0.0528429862045,0.104164381327,0.094337748155
0.0528429862045,0.0344616252293,0.104337748155,0.0944799254841
0.0344616252293,0.0308092832015,0.104479925484,0.0945964911389
0.0308092832015,0.046517335547,0.104596491139,0.0946920363933
0.046517335547,0.0684820393073,0.104692036393,0.0947703368399
0.0684820393073,0.0626975577939,0.10477033684,0.0948344948685
0.0626975577939,0.059456065281,0.104834494868,0.0948870580665
0.059456065281,0.053513191492,0.104887058067,0.0949301173371
0.053513191492,0.0509949712349,0.104930117337,0.0949653880283
0.0509949712349,0.0469853254343,0.104965388028,0.0949942768937
0.0469853254343,0.0402059543466,0.104994276894,0.0950179372773
0.0402059543466,0.0496458641161,0.105017937277,0.09503731454
0.0496458641161,0.0603478793975,0.10503731454,0.0950531834155
0.0603478793975,0.0628411814553,0.105053183416,0.0950661787072
0.0628411814553,0.0624954953156,0.105066178707,0.0950768204942
0.0624954953156,0.0658385236564,0.105076820494,0.0950855348203
0.0658385236564,0.0831943731062,0.10508553482,0.0950926706659
0.0831943731062,0.0900078530952,0.105092670666,0.0950985138672
0.0900078530952,0.086756721721,0.105098513867,0.0951032985281
0.086756721721,0.0885148278545,0.105103298528,0.0951072163734
0.0885148278545,0.084078249238,0.105107216373,0.095110424415
0.084078249238,0.0829254871328,0.105110424415,0.0951130512326
0.0829254871328,0.0838527776462,0.105113051233,0.0951152021192
0.0838527776462,0.0765075571146,0.105115202119,0.0951169632973
0.0765075571146,0.0669062480632,0.105116963297,0.095118405371
0.0669062480632,0.0525000184078,0.105118405371,0.0951195861548
0.0525000184078,0.0527528822493,0.105119586155,0.0951205529897
0.0527528822493,0.052948634641,0.10512055299,0.0951213446401
0.052948634641,0.050976597897,0.10512134464,0.0951219928471
0.050976597897,0.0423203783132,0.105121992847,0.0951225236015
0.0423203783132,0.0363896168581,0.105122523601,0.0951229581847
0.0363896168581,0.0333376150188,0.105122958185,0.0951233140223
0.0333376150188,0.0374008743927,0.105123314022,0.0951236053827
0.0374008743927,0.044208968095,0.105123605383,0.095123843949
0.044208968095,0.0410444177675,0.105123843949,0.0951240392871
0.0410444177675,0.0399030600998,0.105124039287,0.0951241992301
0.0399030600998,0.0488092616595,0.10512419923,0.0951243301914
0.0488092616595,0.0415957842495,0.105124330191,0.0951244374226
0.0415957842495,0.0362610886697,0.105124437423,0.0951245252234
0.0362610886697,0.0289475345972,0.105124525223,0.0951245971146
0.0289475345972,0.0260719493133,0.105124597115,0.0951246559791
0.0260719493133,0.0221043571107,0.105124655979,0.0951247041774
0.0221043571107,0.0193083749571,0.105124704177,0.0951247436421
0.0193083749571,0.0188385321498,0.105124743642,0.0951247759557
0.0188385321498,0.0140716083253,0.105124775956,0.0951248024141
0.0140716083253,0.013263637625,0.105124802414,0.0951248240782
0.013263637625,0.00903885236811,0.105124824078,0.0951248418167
0.00903885236811,0.00769383454003,0.105124841817,0.0951248563411
0.00769383454003,-0.00117607893929,0.105124856341,0.0951248682335
-0.00117607893929,-0.0137743648511,0.105124868234,0.0951248779711
-0.0137743648511,-0.0192063465172,0.105124877971,0.0951248859442
-0.0192063465172,-0.0219533831208,0.105124885944,0.0951248924726
-0.0219533831208,-0.0244987917952,0.105124892473,0.095124897818
-0.0244987917952,-0.0263271065873,0.105124897818,0.0951249021948
-0.0263271065873,-0.0271411595597,0.105124902195,0.0951249057786
-0.0271411595597,-0.0288166646072,0.105124905779,0.0951249087129
-0.0288166646072,-0.0266418099452,0.105124908713,0.0951249111156
-0.0266418099452,-0.0263862276531,0.105124911116,0.0951249130829
-0.0263862276531,-0.0302035376639,0.105124913083,0.0951249146937
-0.0302035376639,-0.0292956889969,0.105124914694,0.0951249160126
-0.0292956889969,-0.0296430571003,0.105124916013,0.0951249170925
-0.0296430571003,-0.0292017120639,0.105124917093,0.0951249179768
-0.0292017120639,-0.0306791599989,0.105124917977,0.0951249187008
-0.0306791599989,-0.0303190637627,0.105124918701,0.0951249192937
-0.0303190637627,-0.0295578939776,0.105124919294,0.0951249197791
-0.0295578939776,-0.0283964021457,0.105124919779,0.0951249201765
-0.0283964021457,-0.0341063596195,0.105124920177,0.095124920502
-0.0341063596195,-0.0647913784012,0.105124920502,0.0951249207684
-0.0647913784012,-0.08025961208,0.105124920768,0.0951249209866
-0.08025961208,-0.100268183367,0.105124920987,0.0951249211652
-0.100268183367,-0.102582883806,0.105124921165,0.0951249213115
-0.102582883806,-0.105493344125,0.105124921312,0.0951249214313
-0.105493344125,-0.101434895935,0.105124921431,0.0951249215294
-0.101434895935,-0.0703222947585,0.105124921529,0.0951249216097
-0.0703222947585,-0.0883687395846,0.10512492161,0.0951249216754
-0.0883687395846,-0.081912497084,0.105124921675,0.0951249217292
-0.081912497084,-0.077319204214,0.105124921729,0.0951249217733
-0.077319204214,-0.0664003466582,0.105124921773,0.0951249218094
-0.0664003466582,-0.0554776854526,0.105124921809,0.095124921839
-0.0554776854526,-0.0617507164939,0.105124921839,0.0951249218632
-0.0617507164939,-0.0557699529726,0.105124921863,0.095124921883
-0.0557699529726,-0.0531585120849,0.105124921883,0.0951249218992
-0.0531585120849,-0.047538942733,0.105124921899,0.0951249219125
-0.047538942733,-0.0532279227296,0.105124921912,0.0951249219234
-0.0532279227296,-0.0742691006242,0.105124921923,0.0951249219323
-0.0742691006242,-0.0700318923903,0.105124921932,0.0951249219396
-0.0700318923903,-0.062512178492,0.10512492194,0.0951249219455
-0.062512178492,-0.0622052759495,0.105124921946,0.0951249219504
-0.0622052759495,-0.0735088484375,0.10512492195,0.0951249219544
-0.0735088484375,-0.0796488478609,0.105124921954,0.0951249219577
-0.0796488478609,-0.079077917636,0.105124921958,0.0951249219604
-0.079077917636,-0.0705040005753,0.10512492196,0.0951249219626
-0.0705040005753,-0.0915810975055,0.105124921963,0.0951249219644
-0.0915810975055,-0.090634576857,0.105124921964,0.0951249219658
-0.090634576857,-0.0895388710646,0.105124921966,0.0951249219671
-0.0895388710646,-0.0845509793814,0.105124921967,0.095124921968
-0.0845509793814,-0.0867463578507,0.105124921968,0.0951249219688
-0.0867463578507,-0.0799933338634,0.105124921969,0.0951249219695
-0.0799933338634,-0.0894267144842,0.10512492197,0.0951249219701
-0.0894267144842,-0.0817693624493,0.10512492197,0.0951249219705
-0.0817693624493,-0.0939498661587,0.10512492197,0.0951249219709
-0.0939498661587,-0.0934734001752,0.105124921971,0.0951249219712
-0.0934734001752,-0.094866757457,0.105124921971,0.0951249219714
-0.094866757457,-0.0917867571303,0.105124921971,0.0951249219716
-0.0917867571303,-0.105391691982,0.105124921972,0.0951249219718
-0.105391691982,-0.102545993706,0.105124921972,0.0951249219719
-0.102545993706,-0.101207130306,0.105124921972,0.095124921972
-0.101207130306,-0.0934363119401,0.105124921972,0.0951249219721
-0.0934363119401,-0.0944014026671,0.105124921972,0.0951249219722
-0.0944014026671,-0.0713669209746,0.105124921972,0.0951249219722
-0.0713669209746,-0.0576461813914,0.105124921972,0.0951249219723
-0.0576461813914,-0.052399729727,0.105124921972,0.0951249219723
-0.052399729727,-0.055292383997,0.105124921972,0.0951249219724
-0.055292383997,-0.0526510547033,0.105124921972,0.0951249219724
-0.0526510547033,-0.051342804426,0.105124921972,0.0951249219724
-0.051342804426,-0.0519522964487,0.105124921972,0.0951249219724
-0.0519522964487,-0.0541522871874,0.105124921972,0.0951249219724
-0.0541522871874,-0.05601704449,0.105124921972,0.0951249219724
-0.05601704449,-0.0536472770166,0.105124921972,0.0951249219725
-0.0536472770166,-0.0400183361518,0.105124921972,0.0951249219725
-0.0400183361518,-0.0233879870862,0.105124921972,0.0951249219725
-0.0233879870862,-0.0134364437645,0.105124921972,0.0951249219725
-0.0134364437645,-0.0179133556229,0.105124921972,0.0951249219725
-0.0179133556229,-0.0554222228764,0.105124921972,0.0951249219725
-0.0554222228764,-0.0592469730243,0.105124921972,0.0951249219725
-0.0592469730243,-0.0562438366881,0.105124921972,0.0951249219725
-0.0562438366881,-0.0571649699312,0.105124921972,0.0951249219725
-0.0571649699312,-0.0613311737715,0.105124921972,0.0951249219725
-0.0613311737715,-0.0603657151838,0.105124921972,0.0951249219725
-0.0603657151838,-0.0612837670712,0.105124921972,0.0951249219725
-0.0612837670712,-0.0609213161378,0.105124921972,0.0951249219725
-0.0609213161378,-0.0586308935404,0.105124921972,0.0951249219725
-0.0586308935404,-0.0515346820824,0.105124921973,0.0951249219725
-0.0515346820824,-0.0513104041093,0.105124921973,0.0951249219725
-0.0513104041093,-0.0491916673932,0.105124921973,0.0951249219725
-0.0491916673932,-0.0494183718781,0.105124921973,0.0951249219725
-0.0494183718781,-0.0567719923557,0.105124921973,0.0951249219725
-0.0567719923557,-0.040094962251,0.105124921973,0.0951249219725
-0.040094962251,-0.0633044646072,0.105124921973,0.0951249219725
-0.0633044646072,-0.0690301189285,0.105124921973,0.0951249219725
-0.0690301189285,-0.0674656622952,0.105124921973,0.0951249219725
-0.0674656622952,-0.0830836061875,0.105124921973,0.0951249219725
-0.0830836061875,-0.094836894331,0.105124921973,0.0951249219725
-0.094836894331,-0.0858604971357,0.105124921973,0.0951249219725
-0.0858604971357,-0.0743302672548,0.105124921973,0.0951249219725
-0.0743302672548,-0.0602723109631,0.105124921973,0.0951249219725
-0.0602723109631,-0.0518264927029,0.105124921973,0.0951249219725
-0.0518264927029,-0.0448976202864,0.105124921973,0.0951249219725
-0.0448976202864,-0.0310577496849,0.105124921973,0.0951249219725
-0.0310577496849,-0.0219941291344,0.105124921973,0.0951249219725
-0.0219941291344,-0.0137944330108,0.105124921973,0.0951249219725
-0.0137944330108,-0.00588011028304,0.105124921973,0.0951249219725
-0.00588011028304,-0.00131574039866,0.105124921973,0.0951249219725
-0.00131574039866,0.0116630538412,0.105124921973,0.0951249219725
0.0116630538412,0.0135241330812,0.105124921973,0.0951249219725
0.0135241330812,0.0149998174235,0.105124921973,0.0951249219725
0.0149998174235,0.0118474307715,0.105124921973,0.0951249219725
0.0118474307715,0.0194099525064,0.105124921973,0.0951249219725
0.0194099525064,0.0136438027688,0.105124921973,0.0951249219725
0.0136438027688,0.0138802566627,0.105124921973,0.0951249219725
0.0138802566627,0.0117263061683,0.105124921973,0.0951249219725
0.0117263061683,0.0201746780784,0.105124921973,0.0951249219725
0.0201746780784,0.0343474484292,0.105124921973,0.0951249219725
0.0343474484292,0.027343816816,0.105124921973,0.0951249219725
0.027343816816,0.0266813370116,0.105124921973,0.0951249219725
0.0266813370116,0.0170678193372,0.105124921973,0.0951249219725
0.0170678193372,0.0235638975154,0.105124921973,0.0951249219725
0.0235638975154,0.0410418033271,0.105124921973,0.0951249219725
0.0410418033271,0.0497315389003,0.105124921973,0.0951249219725
0.0497315389003,0.0323131570665,0.105124921973,0.0951249219725
0.0323131570665,0.0333735098997,0.105124921973,0.0951249219725
0.0333735098997,0.0268539896903,0.105124921973,0.0951249219725
0.0268539896903,0.0125558964463,0.105124921973,0.0951249219725
0.0125558964463,0.00928726284425,0.105124921973,0.0951249219725
0.00928726284425,-0.00703584246965,0.105124921973,0.0951249219725
-0.00703584246965,-0.00816938054557,0.105124921973,0.0951249219725
-0.00816938054557,-0.00548329495524,0.105124921973,0.0951249219725
-0.00548329495524,-0.0138519044873,0.105124921973,0.0951249219725
-0.0138519044873,-0.0201528367462,0.105124921973,0.0951249219725
-0.0201528367462,-0.0214309588861,0.105124921973,0.0951249219725
-0.0214309588861,-0.0230219301553,0.105124921973,0.0951249219725
-0.0230219301553,-0.0288999680345,0.105124921973,0.0951249219725
-0.0288999680345,-0.0449025894076,0.105124921973,0.0951249219725
-0.0449025894076,-0.0390268451937,0.105124921973,0.0951249219725
-0.0390268451937,-0.0348125525076,0.105124921973,0.0951249219725
-0.0348125525076,-0.0320657632114,0.105124921973,0.0951249219725
-0.0320657632114,-0.0250121294494,0.105124921973,0.0951249219725
-0.0250121294494,-0.0309730489197,0.105124921973,0.0951249219725
-0.0309730489197,-0.0350858222572,0.105124921973,0.0951249219725
-0.0350858222572,-0.0376745032947,0.105124921973,0.0951249219725
-0.0376745032947,-0.0417367811397,0.105124921973,0.0951249219725
-0.0417367811397,-0.0484320386132,0.105124921973,0.0951249219725
-0.0484320386132,-0.0424393472458,0.105124921973,0.0951249219725
-0.0424393472458,-0.0355188097268,0.105124921973,0.0951249219725
-0.0355188097268,-0.0352601638914,0.105124921973,0.0951249219725
-0.0352601638914,-0.0278250050013,0.105124921973,0.0951249219725
-0.0278250050013,-0.0234845637971,0.105124921973,0.0951249219725
-0.0234845637971,-0.00388988035304,0.105124921973,0.0951249219725
-0.00388988035304,0.0179369101722,0.105124921973,0.0951249219725
0.0179369101722,0.0170104087078,0.105124921973,0.0951249219725
0.0170104087078,0.012322151828,0.105124921973,0.0951249219725
0.012322151828,0.0212289947943,0.105124921973,0.0951249219725
0.0212289947943,0.0128310060693,0.105124921973,0.0951249219725
0.0128310060693,0.0220888042359,0.105124921973,0.0951249219725
0.0220888042359,0.0247872972815,0.105124921973,0.0951249219725
0.0247872972815,0.0245072990323,0.105124921973,0.0951249219725
0.0245072990323,-0.000569715691992,0.105124921973,0.0951249219725
-0.000569715691992,0.0105613391875,0.105124921973,0.0951249219725
0.0105613391875,0.0141332759708,0.105124921973,0.0951249219725
0.0141332759708,0.016425252312,0.105124921973,0.0951249219725
0.016425252312,0.00521556394588,0.105124921973,0.0951249219725
0.00521556394588,0.00559230649923,0.105124921973,0.0951249219725
0.00559230649923,0.00291450834876,0.105124921973,0.0951249219725
0.00291450834876,0.0283319702828,0.105124921973,0.0951249219725
0.0283319702828,0.0240141509934,0.105124921973,0.0951249219725
0.0240141509934,0.0274347280644,0.105124921973,0.0951249219725
0.0274347280644,0.0470251130775,0.105124921973,0.0951249219725
0.0470251130775,0.0414852695506,0.105124921973,0.0951249219725
0.0414852695506,0.0666797029012,0.105124921973,0.0951249219725
0.0666797029012,0.0579342423645,0.105124921973,0.0951249219725
0.0579342423645,0.0640525238529,0.105124921973,0.0951249219725
0.0640525238529,0.0690699360524,0.105124921973,0.0951249219725
0.0690699360524,0.0828093166158,0.105124921973,0.0951249219725
0.0828093166158,0.0752134707381,0.105124921973,0.0951249219725
0.0752134707381,0.066056254954,0.105124921973,0.0951249219725
0.066056254954,0.0568634925682,0.105124921973,0.0951249219725
0.0568634925682,0.0541315147059,0.105124921973,0.0951249219725
0.0541315147059,0.0281948829172,0.105124921973,0.0951249219725
0.0281948829172,0.021634859367,0.105124921973,0.0951249219725
0.021634859367,0.0211263405091,0.105124921973,0.0951249219725
0.0211263405091,0.0260057395969,0.105124921973,0.0951249219725
0.0260057395969,0.0303015492524,0.105124921973,0.0951249219725
0.0303015492524,0.0252354387958,0.105124921973,0.0951249219725
0.0252354387958,0.0258905522126,0.105124921973,0.0951249219725
0.0258905522126,0.0298592241671,0.105124921973,0.0951249219725
0.0298592241671,0.0365233821186,0.105124921973,0.0951249219725
0.0365233821186,0.0504265072521,0.105124921973,0.0951249219725
0.0504265072521,0.061224013731,0.105124921973,0.0951249219725
0.061224013731,0.0503023743667,0.105124921973,0.0951249219725
0.0503023743667,0.0639137166742,0.105124921973,0.0951249219725
0.0639137166742,0.0665689411639,0.105124921973,0.0951249219725
0.0665689411639,0.0922086336308,0.105124921973,0.0951249219725
0.0922086336308,0.0819273370371,0.105124921973,0.0951249219725
0.0819273370371,0.0776841524557,0.105124921973,0.0951249219725
0.0776841524557,0.0893612841587,0.105124921973,0.0951249219725
0.0893612841587,0.08003613978,0.105124921973,0.0951249219725
0.08003613978,0.0725587386953,0.105124921973,0.0951249219725
0.0725587386953,0.0656580154976,0.105124921973,0.0951249219725
0.0656580154976,0.0693189188141,0.105124921973,0.0951249219725
0.0693189188141,0.0638864494544,0.105124921973,0.0951249219725
0.0638864494544,0.0605393797178,0.105124921973,0.0951249219725
0.0605393797178,0.0499028804012,0.105124921973,0.0951249219725
0.0499028804012,0.043880220807,0.105124921973,0.0951249219725
0.043880220807,0.0388726437389,0.105124921973,0.0951249219725
0.0388726437389,0.0327580391108,0.105124921973,0.0951249219725
0.0327580391108,0.0323976427851,0.105124921973,0.0951249219725
0.0323976427851,0.0263940193673,0.105124921973,0.0951249219725
0.0263940193673,0.00470656260305,0.105124921973,0.0951249219725
0.00470656260305,-0.0163663971657,0.105124921973,0.0951249219725
-0.0163663971657,-0.0198409817605,0.105124921973,0.0951249219725
-0.0198409817605,-0.0232147727068,0.105124921973,0.0951249219725
-0.0232147727068,-0.01660979557,0.105124921973,0.0951249219725
-0.01660979557,-0.014949527012,0.105124921973,0.0951249219725
-0.014949527012,-0.00704331631409,0.105124921973,0.0951249219725
-0.00704331631409,-0.00411799814867,0.105124921973,0.0951249219725
-0.00411799814867,0.00687411624572,0.105124921973,0.0951249219725
0.00687411624572,0.0147418932694,0.105124921973,0.0951249219725
0.0147418932694,0.0127325896281,0.105124921973,0.0951249219725
0.0127325896281,0.0133778714859,0.105124921973,0.0951249219725
0.0133778714859,0.00671963020719,0.105124921973,0.0951249219725
0.00671963020719,0.00878760326473,0.105124921973,0.0951249219725
0.00878760326473,0.0130720120414,0.105124921973,0.0951249219725
0.0130720120414,0.0105353363195,0.105124921973,0.0951249219725
0.0105353363195,0.027457810385,0.105124921973,0.0951249219725
0.027457810385,0.0375862895131,0.105124921973,0.0951249219725
0.0375862895131,0.0402089636679,0.105124921973,0.0951249219725
0.0402089636679,0.0560212113927,0.105124921973,0.0951249219725
0.0560212113927,0.0607948539311,0.105124921973,0.0951249219725
0.0607948539311,0.0657047211349,0.105124921973,0.0951249219725
0.0657047211349,0.0610532914909,0.105124921973,0.0951249219725
0.0610532914909,0.0540313400843,0.105124921973,0.0951249219725
0.0540313400843,0.041193115016,0.105124921973,0.0951249219725
0.041193115016,0.0466800011531,0.105124921973,0.0951249219725
0.0466800011531,0.0362450154984,0.105124921973,0.0951249219725
0.0362450154984,0.0362441595123,0.105124921973,0.0951249219725
0.0362441595123,0.0393999730455,0.105124921973,0.0951249219725
0.0393999730455,0.0483575792252,0.105124921973,0.0951249219725
0.0483575792252,0.062829850012,0.105124921973,0.0951249219725
0.062829850012,0.0684899015843,0.105124921973,0.0951249219725
0.0684899015843,0.064641576355,0.105124921973,0.0951249219725
0.064641576355,0.0641518897435,0.105124921973,0.0951249219725
0.0641518897435,0.0674060911603,0.105124921973,0.0951249219725
0.0674060911603,0.0598388885022,0.105124921973,0.0951249219725
0.0598388885022,0.0646312539843,0.105124921973,0.0951249219725
0.0646312539843,0.0538167953226,0.105124921973,0.0951249219725
0.0538167953226,0.0508686470422,0.105124921973,0.0951249219725
0.0508686470422,0.0705708522814,0.105124921973,0.0951249219725
0.0705708522814,0.065888814123,0.105124921973,0.0951249219725
0.065888814123,0.0622215955468,0.105124921973,0.0951249219725
0.0622215955468,0.0633797030002,0.105124921973,0.0951249219725
0.0633797030002,0.0573477052343,0.105124921973,0.0951249219725
0.0573477052343,0.0526215419967,0.105124921973,0.0951249219725
0.0526215419967,0.0516170487624,0.105124921973,0.0951249219725
0.0516170487624,0.0527700948837,0.105124921973,0.0951249219725
0.0527700948837,0.0518047887931,0.105124921973,0.0951249219725
0.0518047887931,0.0479728771665,0.105124921973,0.0951249219725
0.0479728771665,0.0341927757642,0.105124921973,0.0951249219725
0.0341927757642,0.0218947131493,0.105124921973,0.0951249219725
0.0218947131493,0.0169759018719,0.105124921973,0.0951249219725
0.0169759018719,0.0109150406452,0.105124921973,0.0951249219725
0.0109150406452,0.00739811960597,0.105124921973,0.0951249219725
0.00739811960597,0.00240852789946,0.105124921973,0.0951249219725
0.00240852789946,0.00817828913712,0.105124921973,0.0951249219725
0.00817828913712,0.00677822097836,0.105124921973,0.0951249219725
0.00677822097836,0.00621180031677,0.105124921973,0.0951249219725
0.00621180031677,0.000794570612914,0.105124921973,0.0951249219725
0.000794570612914,-0.00839423336469,0.105124921973,0.0951249219725
-0.00839423336469,-0.0117278366226,0.105124921973,0.0951249219725
-0.0117278366226,-0.0164101259644,0.105124921973,0.0951249219725
-0.0164101259644,-0.0123319596203,0.105124921973,0.0951249219725
-0.0123319596203,-0.0124549084504,0.105124921973,0.0951249219725
-0.0124549084504,-0.00933664642487,0.105124921973,0.0951249219725
-0.00933664642487,-0.000771719291716,0.105124921973,0.0951249219725
-0.000771719291716,0.00580243642759,0.105124921973,0.0951249219725
0.00580243642759,0.00537400177932,0.105124921973,0.0951249219725
0.00537400177932,0.0109252925925,0.105124921973,0.0951249219725
0.0109252925925,0.00948512839998,0.105124921973,0.0951249219725
0.00948512839998,0.013809992723,0.105124921973,0.0951249219725
0.013809992723,0.0110525387489,0.105124921973,0.0951249219725
0.0110525387489,0.00595813897036,0.105124921973,0.0951249219725
0.00595813897036,0.00762004615023,0.105124921973,0.0951249219725
0.00762004615023,0.0179119880733,0.105124921973,0.0951249219725
0.0179119880733,0.0179834332752,0.105124921973,0.0951249219725
0.0179834332752,0.0109621303503,0.105124921973,0.0951249219725
0.0109621303503,0.0193467971161,0.105124921973,0.0951249219725
0.0193467971161,0.0187451346031,0.105124921973,0.0951249219725
0.0187451346031,0.00830413518576,0.105124921973,0.0951249219725
0.00830413518576,0.00580992728313,0.105124921973,0.0951249219725
0.00580992728313,-0.00135755452282,0.105124921973,0.0951249219725
-0.00135755452282,0.00142318105054,0.105124921973,0.0951249219725
0.00142318105054,0.000700740000915,0.105124921973,0.0951249219725
0.000700740000915,-0.00554529358116,0.105124921973,0.0951249219725
-0.00554529358116,-0.000145220719632,0.105124921973,0.0951249219725
-0.000145220719632,0.00761168207284,0.105124921973,0.0951249219725
0.00761168207284,0.00561055419036,0.105124921973,0.0951249219725
0.00561055419036,0.00595139280534,0.105124921973,0.0951249219725
0.00595139280534,-0.00146390930823,0.105124921973,0.0951249219725
-0.00146390930823,0.000730669020083,0.105124921973,0.0951249219725
0.000730669020083,0.00190365299398,0.105124921973,0.0951249219725
0.00190365299398,0.00648931101011,0.105124921973,0.0951249219725
0.00648931101011,0.00506105423778,0.105124921973,0.0951249219725
0.00506105423778,0.000916398445751,0.105124921973,0.0951249219725
0.000916398445751,0.00129090375192,0.105124921973,0.0951249219725
0.00129090375192,0.00431376778215,0.105124921973,0.0951249219725
0.00431376778215,0.00522153777978,0.105124921973,0.0951249219725
0.00522153777978,0.00845211726493,0.105124921973,0.0951249219725
0.00845211726493,0.0156402181713,0.105124921973,0.0951249219725
0.0156402181713,0.0210375559523,0.105124921973,0.0951249219725
0.0210375559523,0.0190158396748,0.105124921973,0.0951249219725
0.0190158396748,0.0129234829723,0.105124921973,0.0951249219725
0.0129234829723,0.00992965511671,0.105124921973,0.0951249219725
0.00992965511671,0.0197048649377,0.105124921973,0.0951249219725
0.0197048649377,0.0186292513624,0.105124921973,0.0951249219725
0.0186292513624,0.0161355289595,0.105124921973,0.0951249219725
0.0161355289595,0.0163481722291,0.105124921973,0.0951249219725
0.0163481722291,0.0140722979173,0.105124921973,0.0951249219725
0.0140722979173,0.00467190052776,0.105124921973,0.0951249219725
0.00467190052776,0.014411442176,0.105124921973,0.0951249219725
0.014411442176,0.0232629137181,0.105124921973,0.0951249219725
0.0232629137181,0.0340986893277,0.105124921973,0.0951249219725
0.0340986893277,0.0451138889452,0.105124921973,0.0951249219725
0.0451138889452,0.0661850261485,0.105124921973,0.0951249219725
0.0661850261485,0.0641745632763,0.105124921973,0.0951249219725
0.0641745632763,0.0771449116234,0.105124921973,0.0951249219725
0.0771449116234,0.0693858169411,0.105124921973,0.0951249219725
0.0693858169411,0.0773678911831,0.105124921973,0.0951249219725
0.0773678911831,0.0717867712322,0.105124921973,0.0951249219725
0.0717867712322,0.0676707792507,0.105124921973,0.0951249219725
0.0676707792507,0.0615037774595,0.105124921973,0.0951249219725
0.0615037774595,0.057991484037,0.105124921973,0.0951249219725
0.057991484037,0.0585301986986,0.105124921973,0.0951249219725
0.0585301986986,0.0567991924812,0.105124921973,0.0951249219725
0.0567991924812,0.0536450842748,0.105124921973,0.0951249219725
0.0536450842748,0.0510258285488,0.105124921973,0.0951249219725
0.0510258285488,0.0468614105603,0.105124921973,0.0951249219725
0.0468614105603,0.0444773353039,0.105124921973,0.0951249219725
0.0444773353039,0.0416082280268,0.105124921973,0.0951249219725
0.0416082280268,0.0363645155473,0.105124921973,0.0951249219725
0.0363645155473,0.0338121637751,0.105124921973,0.0951249219725
0.0338121637751,0.0326240980189,0.105124921973,0.0951249219725
0.0326240980189,0.0274239040279,0.105124921973,0.0951249219725
0.0274239040279,0.0237032377338,0.105124921973,0.0951249219725
0.0237032377338,0.0211128834358,0.105124921973,0.0951249219725
0.0211128834358,0.0186928102068,0.105124921973,0.0951249219725
0.0186928102068,0.0198784145587,0.105124921973,0.0951249219725
0.0198784145587,0.0216296381936,0.105124921973,0.0951249219725
0.0216296381936,0.0175387774324,0.105124921973,0.0951249219725
0.0175387774324,0.0163799105889,0.105124921973,0.0951249219725
0.0163799105889,0.0153833499692,0.105124921973,0.0951249219725
0.0153833499692,0.00805403426803,0.105124921973,0.0951249219725
0.00805403426803,0.00701767775404,0.105124921973,0.0951249219725
0.00701767775404,0.00462486534851,0.105124921973,0.0951249219725
0.00462486534851,0.0070767472318,0.105124921973,0.0951249219725
0.0070767472318,0.00802130929121,0.105124921973,0.0951249219725
0.00802130929121,0.0026283846925,0.105124921973,0.0951249219725
0.0026283846925,-0.00422907667783,0.105124921973,0.0951249219725
-0.00422907667783,-0.00112322097036,0.105124921973,0.0951249219725
-0.00112322097036,-0.00767997088238,0.105124921973,0.0951249219725
-0.00767997088238,-0.00702647372613,0.105124921973,0.0951249219725
-0.00702647372613,-0.00867972417725,0.105124921973,0.0951249219725
-0.00867972417725,-0.00166230029653,0.105124921973,0.0951249219725
-0.00166230029653,0.00124664115275,0.105124921973,0.0951249219725
0.00124664115275,0.0049831578869,0.105124921973,0.0951249219725
0.0049831578869,0.0114845857935,0.105124921973,0.0951249219725
0.0114845857935,0.0109651719921,0.105124921973,0.0951249219725
0.0109651719921,0.0100681393634,0.105124921973,0.0951249219725
0.0100681393634,0.0108314495877,0.105124921973,0.0951249219725
0.0108314495877,0.0108727637094,0.105124921973,0.0951249219725
0.0108727637094,0.0148739844676,0.105124921973,0.0951249219725
0.0148739844676,0.0145938589751,0.105124921973,0.0951249219725
0.0145938589751,0.0150066435706,0.105124921973,0.0951249219725
0.0150066435706,0.0138519648354,0.105124921973,0.0951249219725
0.0138519648354,0.0100017056548,0.105124921973,0.0951249219725
0.0100017056548,0.00864364984004,0.105124921973,0.0951249219725
0.00864364984004,0.0119107936297,0.105124921973,0.0951249219725
0.0119107936297,0.00942526036833,0.105124921973,0.0951249219725
0.00942526036833,0.00635521274719,0.105124921973,0.0951249219725
0.00635521274719,0.00539522990021,0.105124921973,0.0951249219725
0.00539522990021,0.00376398449254,0.105124921973,0.0951249219725
0.00376398449254,0.00295833295514,0.105124921973,0.0951249219725
0.00295833295514,0.00197930677935,0.105124921973,0.0951249219725
0.00197930677935,-0.011341077579,0.105124921973,0.0951249219725
-0.011341077579,-0.0110613359162,0.105124921973,0.0951249219725
-0.0110613359162,-0.0118183639585,0.105124921973,0.0951249219725
-0.0118183639585,-0.0113698913378,0.105124921973,0.0951249219725
-0.0113698913378,0.00103196419684,0.105124921973,0.0951249219725
0.00103196419684,0.00306253093011,0.105124921973,0.0951249219725
0.00306253093011,0.00540071168402,0.105124921973,0.0951249219725
0.00540071168402,0.00611600005184,0.105124921973,0.0951249219725
0.00611600005184,0.0124686777613,0.105124921973,0.0951249219725
0.0124686777613,0.0172128451814,0.105124921973,0.0951249219725
0.0172128451814,0.0153345494971,0.105124921973,0.0951249219725
0.0153345494971,0.012272012553,0.105124921973,0.0951249219725
0.012272012553,0.0105350985028,0.105124921973,0.0951249219725
0.0105350985028,0.0105397716431,0.105124921973,0.0951249219725
0.0105397716431,0.00584318570438,0.105124921973,0.0951249219725
0.00584318570438,-0.00170504301507,0.105124921973,0.0951249219725
-0.00170504301507,-0.00309838948496,0.105124921973,0.0951249219725
-0.00309838948496,-0.00324357880086,0.105124921973,0.0951249219725
-0.00324357880086,-0.00182747352929,0.105124921973,0.0951249219725
-0.00182747352929,-0.000105154912442,0.105124921973,0.0951249219725
-0.000105154912442,-0.00261987365509,0.105124921973,0.0951249219725
-0.00261987365509,-0.00788607116801,0.105124921973,0.0951249219725
-0.00788607116801,-0.0132310188725,0.105124921973,0.0951249219725
-0.0132310188725,-0.0134913890174,0.105124921973,0.0951249219725
-0.0134913890174,-0.0107812097003,0.105124921973,0.0951249219725
-0.0107812097003,-0.00762194381986,0.105124921973,0.0951249219725
-0.00762194381986,-0.00940018855624,0.105124921973,0.0951249219725
-0.00940018855624,-0.0123208392398,0.105124921973,0.0951249219725
-0.0123208392398,-0.0105731393116,0.105124921973,0.0951249219725
-0.0105731393116,-0.00486449115581,0.105124921973,0.0951249219725
-0.00486449115581,-0.00306332928308,0.105124921973,0.0951249219725
-0.00306332928308,-0.00277193032405,0.105124921973,0.0951249219725
-0.00277193032405,-0.00224435622325,0.105124921973,0.0951249219725
-0.00224435622325,-0.00177015629517,0.105124921973,0.0951249219725
-0.00177015629517,-0.00219777838973,0.105124921973,0.0951249219725
-0.00219777838973,-0.00233226719459,0.105124921973,0.0951249219725
-0.00233226719459,0.000845606977163,0.105124921973,0.0951249219725
0.000845606977163,-0.000919711839981,0.105124921973,0.0951249219725
-0.000919711839981,0.00292589425303,0.105124921973,0.0951249219725
0.00292589425303,0.00820254087454,0.105124921973,0.0951249219725
0.00820254087454,0.00570580604865,0.105124921973,0.0951249219725
0.00570580604865,0.00472206352126,0.105124921973,0.0951249219725
0.00472206352126,0.00560646952527,0.105124921973,0.0951249219725
0.00560646952527,0.00249810830852,0.105124921973,0.0951249219725
0.00249810830852,-0.000424853526722,0.105124921973,0.0951249219725
-0.000424853526722,-0.000391065818123,0.105124921973,0.0951249219725
-0.000391065818123,0.00158574951855,0.105124921973,0.0951249219725
0.00158574951855,0.00372302139633,0.105124921973,0.0951249219725
0.00372302139633,0.00900377060633,0.105124921973,0.0951249219725
0.00900377060633,0.00554007420371,0.105124921973,0.0951249219725
0.00554007420371,0.00537033427477,0.105124921973,0.0951249219725
0.00537033427477,0.00367798111864,0.105124921973,0.0951249219725
0.00367798111864,0.00258599122998,0.105124921973,0.0951249219725
0.00258599122998,-0.00364602029561,0.105124921973,0.0951249219725
-0.00364602029561,-0.00385191111512,0.105124921973,0.0951249219725
-0.00385191111512,-0.00644920187941,0.105124921973,0.0951249219725
-0.00644920187941,-0.0048878481657,0.105124921973,0.0951249219725
-0.0048878481657,-0.00722909769402,0.105124921973,0.0951249219725
-0.00722909769402,-0.0153800336554,0.105124921973,0.0951249219725
-0.0153800336554,-0.0132138336535,0.105124921973,0.0951249219725
-0.0132138336535,-0.00594114975861,0.105124921973,0.0951249219725
-0.00594114975861,0.000163630399896,0.105124921973,0.0951249219725
0.000163630399896,-0.00430669968641,0.105124921973,0.0951249219725
-0.00430669968641,-0.00323855541919,0.105124921973,0.0951249219725
-0.00323855541919,-0.0034232719785,0.105124921973,0.0951249219725
-0.0034232719785,-0.00564956625527,0.105124921973,0.0951249219725
-0.00564956625527,-0.00711889345953,0.105124921973,0.0951249219725
-0.00711889345953,-0.00110790526224,0.105124921973,0.0951249219725
-0.00110790526224,0.00202051990931,0.105124921973,0.0951249219725
0.00202051990931,-0.00299544921123,0.105124921973,0.0951249219725
-0.00299544921123,0.00494344775687,0.105124921973,0.0951249219725
0.00494344775687,0.00448255986365,0.105124921973,0.0951249219725
0.00448255986365,0.0037185497208,0.105124921973,0.0951249219725
0.0037185497208,0.00219928218042,0.105124921973,0.0951249219725
0.00219928218042,0.00121877039287,0.105124921973,0.0951249219725
0.00121877039287,-0.00169709523534,0.105124921973,0.0951249219725
-0.00169709523534,-0.00382956033854,0.105124921973,0.0951249219725
-0.00382956033854,-0.00503198868127,0.105124921973,0.0951249219725
-0.00503198868127,-0.00748107261019,0.105124921973,0.0951249219725
-0.00748107261019,-0.00354503568211,0.105124921973,0.0951249219725
-0.00354503568211,-0.00320781443946,0.105124921973,0.0951249219725
-0.00320781443946,-0.00270309011862,0.105124921973,0.0951249219725
-0.00270309011862,-0.00215956107084,0.105124921973,0.0951249219725
-0.00215956107084,-0.00167115202813,0.105124921973,0.0951249219725
-0.00167115202813,-0.00123255915685,0.105124921973,0.0951249219725
-0.00123255915685,-0.000838984566797,0.105124921973,0.0951249219725
-0.000838984566797,-0.000486088142245,0.105124921973,0.0951249219725
-0.000486088142245,-0.000970029251593,0.105124921973,0.0951249219725
-0.000970029251593,0.000828551691276,0.105124921973,0.0951249219725
0.000828551691276,0.00299972693145,0.105124921973,0.0951249219725
0.00299972693145,0.0031363176096,0.105124921973,0.0951249219725
0.0031363176096,0.00220595860701,0.105124921973,0.0951249219725
0.00220595860701,-0.00109677712249,0.105124921973,0.0951249219725
-0.00109677712249,-0.000817302344994,0.105124921973,0.0951249219725
-0.000817302344994,-0.00239125500657,0.105124921973,0.0951249219725
-0.00239125500657,-0.00597004735496,0.105124921973,0.0951249219725
-0.00597004735496,-0.00546079949761,0.105124921973,0.0951249219725
-0.00546079949761,-0.00313586237463,0.105124921973,0.0951249219725
-0.00313586237463,-0.00299470863676,0.105124921973,0.0951249219725
-0.00299470863676,-0.00263709474854,0.105124921973,0.0951249219725
-0.00263709474854,-0.00567734066104,0.105124921973,0.0951249219725
-0.00567734066104,-0.00293238291357,0.105124921973,0.0951249219725
-0.00293238291357,-0.00302304159834,0.105124921973,0.0951249219725
-0.00302304159834,-0.000284179666064,0.105124921973,0.0951249219725
-0.000284179666064,0.00138245821063,0.105124921973,0.0951249219725
0.00138245821063,0.00302892566794,0.105124921973,0.0951249219725
0.00302892566794,0.00024716827585,0.105124921973,0.0951249219725
0.00024716827585,0.00567975365614,0.105124921973,0.0951249219725
0.00567975365614,0.00648634452911,0.105124921973,0.0951249219725
0.00648634452911,0.00602806882045,0.105124921973,0.0951249219725
0.00602806882045,0.00209374786744,0.105124921973,0.0951249219725
0.00209374786744,-0.00149996626405,0.105124921973,0.0951249219725
-0.00149996626405,-0.0126457390556,0.105124921973,0.0951249219725
-0.0126457390556,-0.00900361548636,0.105124921973,0.0951249219725
-0.00900361548636,-0.00675261630962,0.105124921973,0.0951249219725
-0.00675261630962,-0.0055591491582,0.105124921973,0.0951249219725
-0.0055591491582,-0.009936458747,0.105124921973,0.0951249219725
-0.009936458747,-0.0125687382602,0.105124921973,0.0951249219725
-0.0125687382602,-0.0123790393451,0.105124921973,0.0951249219725
-0.0123790393451,-0.0129340778655,0.105124921973,0.0951249219725
-0.0129340778655,-0.0101078194301,0.105124921973,0.0951249219725
-0.0101078194301,-0.011669347818,0.105124921973,0.0951249219725
-0.011669347818,-0.0138381888646,0.105124921973,0.0951249219725
-0.0138381888646,-0.0162569850766,0.105124921973,0.0951249219725
-0.0162569850766,-0.0241054605671,0.105124921973,0.0951249219725
-0.0241054605671,-0.0227531612792,0.105124921973,0.0951249219725
-0.0227531612792,-0.0229988873459,0.105124921973,0.0951249219725
-0.0229988873459,-0.0231481597358,0.105124921973,0.0951249219725
-0.0231481597358,-0.0238517333288,0.105124921973,0.0951249219725
-0.0238517333288,-0.0186466438037,0.105124921973,0.0951249219725
-0.0186466438037,-0.0144278326453,0.105124921973,0.0951249219725
-0.0144278326453,-0.0122574537155,0.105124921973,0.0951249219725
-0.0122574537155,-0.0069507736715,0.105124921973,0.0951249219725
-0.0069507736715,-0.00525663834977,0.105124921973,0.0951249219725
-0.00525663834977,-0.0108903079435,0.105124921973,0.0951249219725
-0.0108903079435,-0.00713601249737,0.105124921973,0.0951249219725
-0.00713601249737,-0.00654241301389,0.105124921973,0.0951249219725
-0.00654241301389,-0.00921519523955,0.105124921973,0.0951249219725
-0.00921519523955,-0.00751531989831,0.105124921973,0.0951249219725
-0.00751531989831,-0.00385779495299,0.105124921973,0.0951249219725
-0.00385779495299,-0.00506082603465,0.105124921973,0.0951249219725
-0.00506082603465,-0.0111817905614,0.105124921973,0.0951249219725
-0.0111817905614,-0.0102463387039,0.105124921973,0.0951249219725
-0.0102463387039,-0.0102706173966,0.105124921973,0.0951249219725
-0.0102706173966,-0.00767711460664,0.105124921973,0.0951249219725
-0.00767711460664,-0.00617138327361,0.105124921973,0.0951249219725
-0.00617138327361,-0.00854504396779,0.105124921973,0.0951249219725
-0.00854504396779,-0.0111058739931,0.105124921973,0.0951249219725
-0.0111058739931,-0.0122708081891,0.105124921973,0.0951249219725
-0.0122708081891,-0.00777537302239,0.105124921973,0.0951249219725
-0.00777537302239,-0.00379090389382,0.105124921973,0.0951249219725
-0.00379090389382,-0.00291028782296,0.105124921973,0.0951249219725
-0.00291028782296,-0.00264217713085,0.105124921973,0.0951249219725
-0.00264217713085,-0.00159086040408,0.105124921973,0.0951249219725
-0.00159086040408,-0.00206328013712,0.105124921973,0.0951249219725
-0.00206328013712,-0.00174659371444,0.105124921973,0.0951249219725
-0.00174659371444,-0.00472443284014,0.105124921973,0.0951249219725
-0.00472443284014,-0.00369423111163,0.105124921973,0.0951249219725
-0.00369423111163,-0.00283352158198,0.105124921973,0.0951249219725
-0.00283352158198,-0.00438473386961,0.105124921973,0.0951249219725
-0.00438473386961,-0.00551191982578,0.105124921973,0.0951249219725
-0.00551191982578,-0.00504603719697,0.105124921973,0.0951249219725
-0.00504603719697,0.0012516079412,0.105124921973,0.0951249219725
0.0012516079412,-0.00487717453765,0.105124921973,0.0951249219725
-0.00487717453765,-0.00832943288137,0.105124921973,0.0951249219725
-0.00832943288137,-0.00867788515981,0.105124921973,0.0951249219725
-0.00867788515981,-0.00436845832171,0.105124921973,0.0951249219725
-0.00436845832171,0.00098517383417,0.105124921973,0.0951249219725
0.00098517383417,0.00801323135904,0.105124921973,0.0951249219725
0.00801323135904,0.0127097079588,0.105124921973,0.0951249219725
0.0127097079588,0.01284509142,0.105124921973,0.0951249219725
0.01284509142,0.0138629044269,0.105124921973,0.0951249219725
0.0138629044269,0.0115451873362,0.105124921973,0.0951249219725
0.0115451873362,0.0145579782355,0.105124921973,0.0951249219725
0.0145579782355,0.0164916550891,0.105124921973,0.0951249219725
0.0164916550891,0.0212884961167,0.105124921973,0.0951249219725
0.0212884961167,0.0224798712353,0.105124921973,0.0951249219725
0.0224798712353,0.0185245584944,0.105124921973,0.0951249219725
0.0185245584944,0.0187529347702,0.105124921973,0.0951249219725
0.0187529347702,0.0190118960768,0.105124921973,0.0951249219725
0.0190118960768,0.0137217674172,0.105124921973,0.0951249219725
0.0137217674172,0.0131619331127,0.105124921973,0.0951249219725
0.0131619331127,0.0119244519883,0.105124921973,0.0951249219725
0.0119244519883,0.0129277044326,0.105124921973,0.0951249219725
0.0129277044326,0.0118681651857,0.105124921973,0.0951249219725
0.0118681651857,0.00951682160412,0.105124921973,0.0951249219725
0.00951682160412,0.011630737888,0.105124921973,0.0951249219725
0.011630737888,0.00885278932339,0.105124921973,0.0951249219725
0.00885278932339,0.00731074407004,0.105124921973,0.0951249219725
0.00731074407004,0.00432818784084,0.105124921973,0.0951249219725
0.00432818784084,0.00489868047718,0.105124921973,0.0951249219725
0.00489868047718,2.87657129737e-05,0.105124921973,0.0951249219725
2.87657129737e-05,-0.00259897674631,0.105124921973,0.0951249219725
-0.00259897674631,-0.00180414045533,0.105124921973,0.0951249219725
-0.00180414045533,-0.00860639232328,0.105124921973,0.0951249219725
-0.00860639232328,-0.00664280065767,0.105124921973,0.0951249219725
-0.00664280065767,-0.000196175839921,0.105124921973,0.0951249219725
-0.000196175839921,5.18066703948e-05,0.105124921973,0.0951249219725
5.18066703948e-05,0.00528500586133,0.105124921973,0.0951249219725
0.00528500586133,0.0094913139907,0.105124921973,0.0951249219725
0.0094913139907,0.0146605745337,0.105124921973,0.0951249219725
0.0146605745337,0.0193122549494,0.105124921973,0.0951249219725
0.0193122549494,0.0185316660454,0.105124921973,0.0951249219725
0.0185316660454,0.0273215253141,0.105124921973,0.0951249219725
0.0273215253141,0.0277495037549,0.105124921973,0.0951249219725
0.0277495037549,0.0269611442314,0.105124921973,0.0951249219725
0.0269611442314,0.0235804111802,0.105124921973,0.0951249219725
0.0235804111802,0.0177366343204,0.105124921973,0.0951249219725
0.0177366343204,0.017403738758,0.105124921973,0.0951249219725
0.017403738758,0.0132297099326,0.105124921973,0.0951249219725
0.0132297099326,0.0103015501889,0.105124921973,0.0951249219725
0.0103015501889,0.00929491641413,0.105124921973,0.0951249219725
0.00929491641413,0.0115682675175,0.105124921973,0.0951249219725
0.0115682675175,0.0100484535897,0.105124921973,0.0951249219725
0.0100484535897,0.0121676276428,0.105124921973,0.0951249219725
0.0121676276428,0.00708679412161,0.105124921973,0.0951249219725
0.00708679412161,0.00410145577913,0.105124921973,0.0951249219725
0.00410145577913,0.00115220884733,0.105124921973,0.0951249219725
0.00115220884733,-4.44176771464e-05,0.105124921973,0.0951249219725
-4.44176771464e-05,-0.000392379855552,0.105124921973,0.0951249219725
-0.000392379855552,-0.000738601981712,0.105124921973,0.0951249219725
-0.000738601981712,-0.00259597358236,0.105124921973,0.0951249219725
-0.00259597358236,-0.00478949906561,0.105124921973,0.0951249219725
-0.00478949906561,-0.00580146635388,0.105124921973,0.0951249219725
-0.00580146635388,-0.00409492993099,0.105124921973,0.0951249219725
-0.00409492993099,-0.00151456210538,0.105124921973,0.0951249219725
-0.00151456210538,-0.00162601960901,0.105124921973,0.0951249219725
-0.00162601960901,0.00135181310639,0.105124921973,0.0951249219725
0.00135181310639,0.0057646502933,0.105124921973,0.0951249219725
0.0057646502933,0.00788657119019,0.105124921973,0.0951249219725
0.00788657119019,0.00747363533672,0.105124921973,0.0951249219725
0.00747363533672,0.0100698464757,0.105124921973,0.0951249219725
0.0100698464757,0.00777085452675,0.105124921973,0.0951249219725
0.00777085452675,0.00605502299999,0.105124921973,0.0951249219725
0.00605502299999,0.00379780355144,0.105124921973,0.0951249219725
0.00379780355144,0.00152669084047,0.105124921973,0.0951249219725
0.00152669084047,-0.00237727761151,0.105124921973,0.0951249219725
-0.00237727761151,-0.00333971851907,0.105124921973,0.0951249219725
-0.00333971851907,-0.00363001873616,0.105124921973,0.0951249219725
-0.00363001873616,-0.00598236441015,0.105124921973,0.0951249219725
-0.00598236441015,-0.00546885700876,0.105124921973,0.0951249219725
-0.00546885700876,-0.00287298064849,0.105124921973,0.0951249219725
-0.00287298064849,-0.00358484474593,0.105124921973,0.0951249219725
-0.00358484474593,-0.00298260924465,0.105124921973,0.0951249219725
-0.00298260924465,-0.00204629368799,0.105124921973,0.0951249219725
-0.00204629368799,0.000654631294003,0.105124921973,0.0951249219725
0.000654631294003,0.00271575525414,0.105124921973,0.0951249219725
0.00271575525414,0.00445003355251,0.105124921973,0.0951249219725
0.00445003355251,0.00368783036779,0.105124921973,0.0951249219725
0.00368783036779,0.00352976398493,0.105124921973,0.0951249219725
0.00352976398493,0.00493292277016,0.105124921973,0.0951249219725
0.00493292277016,0.00488707171464,0.105124921973,0.0951249219725
0.00488707171464,0.00576784947051,0.105124921973,0.0951249219725
0.00576784947051,0.00536688707083,0.105124921973,0.0951249219725
0.00536688707083,0.00446289305077,0.105124921973,0.0951249219725
0.00446289305077,0.0033649729166,0.105124921973,0.0951249219725
0.0033649729166,0.00280543445342,0.105124921973,0.0951249219725
0.00280543445342,0.00937528530534,0.105124921973,0.0951249219725
0.00937528530534,0.00201647307528,0.105124921973,0.0951249219725
0.00201647307528,-0.0015997176207,0.105124921973,0.0951249219725
-0.0015997176207,-0.00385771500983,0.105124921973,0.0951249219725
-0.00385771500983,-0.00389264941632,0.105124921973,0.0951249219725
-0.00389264941632,-0.000986012074816,0.105124921973,0.0951249219725
-0.000986012074816,-0.000501507120021,0.105124921973,0.0951249219725
-0.000501507120021,-0.00407372417563,0.105124921973,0.0951249219725
-0.00407372417563,-0.00161184937674,0.105124921973,0.0951249219725
-0.00161184937674,0.0013221091242,0.105124921973,0.0951249219725
0.0013221091242,0.000635567360663,0.105124921973,0.0951249219725
0.000635567360663,-0.000272222971752,0.105124921973,0.0951249219725
-0.000272222971752,0.00110190647174,0.105124921973,0.0951249219725
0.00110190647174,0.00317897341419,0.105124921973,0.0951249219725
0.00317897341419,0.00179953723106,0.105124921973,0.0951249219725
0.00179953723106,0.000677327225354,0.105124921973,0.0951249219725
0.000677327225354,0.0117798403596,0.105124921973,0.0951249219725
0.0117798403596,0.0100200138343,0.105124921973,0.0951249219725
0.0100200138343,0.0108938177002,0.105124921973,0.0951249219725
0.0108938177002,0.0129446998908,0.105124921973,0.0951249219725
0.0129446998908,0.0117797472683,0.105124921973,0.0951249219725
0.0117797472683,0.00829548043805,0.105124921973,0.0951249219725
0.00829548043805,0.00612582580654,0.105124921973,0.0951249219725
0.00612582580654,0.00429410869989,0.105124921973,0.0951249219725
0.00429410869989,0.00154819416835,0.105124921973,0.0951249219725
0.00154819416835,0.00225092739651,0.105124921973,0.0951249219725
0.00225092739651,0.00040638845213,0.105124921973,0.0951249219725
0.00040638845213,0.00136866382648,0.105124921973,0.0951249219725
0.00136866382648,0.0011770534148,0.105124921973,0.0951249219725
0.0011770534148,0.00176013574689,0.105124921973,0.0951249219725
0.00176013574689,0.00310069973496,0.105124921973,0.0951249219725
0.00310069973496,-0.000534932592657,0.105124921973,0.0951249219725
-0.000534932592657,0.0017837224303,0.105124921973,0.0951249219725
0.0017837224303,0.00378325246463,0.105124921973,0.0951249219725
0.00378325246463,0.00614113811499,0.105124921973,0.0951249219725
0.00614113811499,0.00451296688797,0.105124921973,0.0951249219725
0.00451296688797,0.00322937404234,0.105124921973,0.0951249219725
0.00322937404234,-0.0024867787952,0.105124921973,0.0951249219725
-0.0024867787952,-0.00796526238197,0.105124921973,0.0951249219725
-0.00796526238197,-0.00725402216549,0.105124921973,0.0951249219725
-0.00725402216549,-0.00580024723816,0.105124921973,0.0951249219725
-0.00580024723816,-0.00524849917221,0.105124921973,0.0951249219725
-0.00524849917221,-0.00455162071128,0.105124921973,0.0951249219725
-0.00455162071128,-0.00421227396646,0.105124921973,0.0951249219725
-0.00421227396646,-0.000443308513626,0.105124921973,0.0951249219725
-0.000443308513626,-0.00295896072578,0.105124921973,0.0951249219725
-0.00295896072578,-0.00101274233974,0.105124921973,0.0951249219725
-0.00101274233974,-0.00191655074833,0.105124921973,0.0951249219725
-0.00191655074833,-0.00278682425768,0.105124921973,0.0951249219725
-0.00278682425768,-0.00123487511733,0.105124921973,0.0951249219725
-0.00123487511733,0.00228933944872,0.105124921973,0.0951249219725
0.00228933944872,0.00574437785267,0.105124921973,0.0951249219725
0.00574437785267,0.00482361378819,0.105124921973,0.0951249219725
0.00482361378819,0.00423057808417,0.105124921973,0.0951249219725
0.00423057808417,0.00320743284148,0.105124921973,0.0951249219725
0.00320743284148,0.00324402886222,0.105124921973,0.0951249219725
0.00324402886222,0.00456941700199,0.105124921973,0.0951249219725
0.00456941700199,0.00286243050878,0.105124921973,0.0951249219725
0.00286243050878,0.00284977034016,0.105124921973,0.0951249219725
0.00284977034016,0.00314332110227,0.105124921973,0.0951249219725
0.00314332110227,-0.000682366930374,0.105124921973,0.0951249219725
-0.000682366930374,0.00404932305752,0.105124921973,0.0951249219725
0.00404932305752,0.00467352048648,0.105124921973,0.0951249219725
0.00467352048648,0.00479078449581,0.105124921973,0.0951249219725
0.00479078449581,0.00350492480152,0.105124921973,0.0951249219725
0.00350492480152,0.0064205510264,0.105124921973,0.0951249219725
0.0064205510264,0.0114208968371,0.105124921973,0.0951249219725
0.0114208968371,0.0124165138218,0.105124921973,0.0951249219725
0.0124165138218,0.00266117204407,0.105124921973,0.0951249219725
0.00266117204407,0.000799050583536,0.105124921973,0.0951249219725
0.000799050583536,-0.000547923064561,0.105124921973,0.0951249219725
-0.000547923064561,5.36536897463e-05,0.105124921973,0.0951249219725
5.36536897463e-05,0.00270601918054,0.105124921973,0.0951249219725
0.00270601918054,0.00476652339936,0.105124921973,0.0951249219725
0.00476652339936,0.00306270459891,0.105124921973,0.0951249219725
0.00306270459891,-0.00821842479877,0.105124921973,0.0951249219725
-0.00821842479877,-0.0267959448473,0.105124921973,0.0951249219725
-0.0267959448473,-0.0289175199614,0.105124921973,0.0951249219725
-0.0289175199614,-0.0289026063294,0.105124921973,0.0951249219725
-0.0289026063294,-0.0333465902652,0.105124921973,0.0951249219725
-0.0333465902652,-0.0257457708817,0.105124921973,0.0951249219725
-0.0257457708817,-0.0247089227904,0.105124921973,0.0951249219725
-0.0247089227904,-0.0216184045227,0.105124921973,0.0951249219725
-0.0216184045227,-0.0196010796234,0.105124921973,0.0951249219725
-0.0196010796234,-0.0188460685666,0.105124921973,0.0951249219725
-0.0188460685666,-0.0171664139653,0.105124921973,0.0951249219725
-0.0171664139653,-0.0157248049884,0.105124921973,0.0951249219725
-0.0157248049884,-0.0141546753797,0.105124921973,0.0951249219725
-0.0141546753797,-0.0137632329853,0.105124921973,0.0951249219725
-0.0137632329853,-0.0121392954862,0.105124921973,0.0951249219725
-0.0121392954862,-0.00419004192863,0.105124921973,0.0951249219725
-0.00419004192863,-0.00723844619094,0.105124921973,0.0951249219725
-0.00723844619094,-0.00671588831646,0.105124921973,0.0951249219725
-0.00671588831646,-0.00807753201866,0.105124921973,0.0951249219725
-0.00807753201866,-0.00899266356367,0.105124921973,0.0951249219725
-0.00899266356367,-0.00601521543508,0.105124921973,0.0951249219725
-0.00601521543508,-0.0126655617931,0.105124921973,0.0951249219725
-0.0126655617931,-0.0127404467088,0.105124921973,0.0951249219725
-0.0127404467088,-0.0110229218578,0.105124921973,0.0951249219725
-0.0110229218578,-0.0165980561744,0.105124921973,0.0951249219725
-0.0165980561744,-0.0159059795909,0.105124921973,0.0951249219725
-0.0159059795909,-0.0142318455977,0.105124921973,0.0951249219725
-0.0142318455977,-0.0175260942921,0.105124921973,0.0951249219725
-0.0175260942921,-0.0149113757553,0.105124921973,0.0951249219725
-0.0149113757553,-0.0113568912657,0.105124921973,0.0951249219725
-0.0113568912657,-0.0049891784091,0.105124921973,0.0951249219725
-0.0049891784091,-0.0175652258277,0.105124921973,0.0951249219725
-0.0175652258277,-0.0246268560432,0.105124921973,0.0951249219725
-0.0246268560432,-0.0228679630409,0.105124921973,0.0951249219725
-0.0228679630409,-0.0211257061562,0.105124921973,0.0951249219725
-0.0211257061562,-0.0223851845295,0.105124921973,0.0951249219725
-0.0223851845295,-0.0227868388002,0.105124921973,0.0951249219725
-0.0227868388002,-0.0237363031505,0.105124921973,0.0951249219725
-0.0237363031505,-0.0256926379285,0.105124921973,0.0951249219725
-0.0256926379285,-0.0328082939991,0.105124921973,0.0951249219725
-0.0328082939991,-0.0305033743408,0.105124921973,0.0951249219725
-0.0305033743408,-0.0294846142147,0.105124921973,0.0951249219725
-0.0294846142147,-0.032540587653,0.105124921973,0.0951249219725
-0.032540587653,-0.0328310848586,0.105124921973,0.0951249219725
-0.0328310848586,-0.037810432647,0.105124921973,0.0951249219725
-0.037810432647,-0.0392159299853,0.105124921973,0.0951249219725
-0.0392159299853,-0.0459477528833,0.105124921973,0.0951249219725
-0.0459477528833,-0.0441607188112,0.105124921973,0.0951249219725
-0.0441607188112,-0.0378242912155,0.105124921973,0.0951249219725
-0.0378242912155,-0.0295713656296,0.105124921973,0.0951249219725
-0.0295713656296,-0.0325295323402,0.105124921973,0.0951249219725
-0.0325295323402,-0.0324613294277,0.105124921973,0.0951249219725
-0.0324613294277,-0.0318625217076,0.105124921973,0.0951249219725
-0.0318625217076,-0.0256586483514,0.105124921973,0.0951249219725
-0.0256586483514,-0.0158248460513,0.105124921973,0.0951249219725
-0.0158248460513,-0.00643687083087,0.105124921973,0.0951249219725
-0.00643687083087,-0.00612103904561,0.105124921973,0.0951249219725
-0.00612103904561,-0.0120512106482,0.105124921973,0.0951249219725
-0.0120512106482,-0.010803989408,0.105124921973,0.0951249219725
-0.010803989408,-0.0168870926604,0.105124921973,0.0951249219725
-0.0168870926604,-0.015580788494,0.105124921973,0.0951249219725
-0.015580788494,-0.01672757641,0.105124921973,0.0951249219725
-0.01672757641,-0.017683554575,0.105124921973,0.0951249219725
-0.017683554575,-0.0163346275088,0.105124921973,0.0951249219725
-0.0163346275088,-0.0167380665612,0.105124921973,0.0951249219725
-0.0167380665612,-0.0158250209545,0.105124921973,0.0951249219725
-0.0158250209545,-0.0185404400962,0.105124921973,0.0951249219725
-0.0185404400962,-0.0239815401115,0.105124921973,0.0951249219725
-0.0239815401115,-0.0223018376192,0.105124921973,0.0951249219725
-0.0223018376192,-0.0168966135942,0.105124921973,0.0951249219725
-0.0168966135942,-0.0238161112942,0.105124921973,0.0951249219725
-0.0238161112942,-0.0233091482894,0.105124921973,0.0951249219725
-0.0233091482894,-0.0227936995866,0.105124921973,0.0951249219725
-0.0227936995866,-0.0247978134975,0.105124921973,0.0951249219725
-0.0247978134975,-0.0302604843025,0.105124921973,0.0951249219725
-0.0302604843025,-0.031785821243,0.105124921973,0.0951249219725
-0.031785821243,-0.0276211339793,0.105124921973,0.0951249219725
-0.0276211339793,-0.0293384715114,0.105124921973,0.0951249219725
-0.0293384715114,-0.0332970303754,0.105124921973,0.0951249219725
-0.0332970303754,-0.034997601503,0.105124921973,0.0951249219725
-0.034997601503,-0.0353103557938,0.105124921973,0.0951249219725
-0.0353103557938,-0.041992896636,0.105124921973,0.0951249219725
-0.041992896636,-0.0404273473479,0.105124921973,0.0951249219725
-0.0404273473479,-0.0391594180609,0.105124921973,0.0951249219725
-0.0391594180609,-0.0375391613409,0.105124921973,0.0951249219725
-0.0375391613409,-0.0437277307564,0.105124921973,0.0951249219725
-0.0437277307564,-0.0397768225904,0.105124921973,0.0951249219725
-0.0397768225904,-0.0371627846505,0.105124921973,0.0951249219725
-0.0371627846505,-0.033989589898,0.105124921973,0.0951249219725
-0.033989589898,-0.0326991774834,0.105124921973,0.0951249219725
-0.0326991774834,-0.0308682775985,0.105124921973,0.0951249219725
-0.0308682775985,-0.0303485965516,0.105124921973,0.0951249219725
-0.0303485965516,-0.0273465284615,0.105124921973,0.0951249219725
-0.0273465284615,-0.023571618159,0.105124921973,0.0951249219725
-0.023571618159,-0.025927721957,0.105124921973,0.0951249219725
-0.025927721957,-0.0242297948538,0.105124921973,0.0951249219725
-0.0242297948538,-0.0278241385551,0.105124921973,0.0951249219725
-0.0278241385551,-0.0211647642611,0.105124921973,0.0951249219725
-0.0211647642611,-0.0216997729154,0.105124921973,0.0951249219725
-0.0216997729154,-0.0217016452508,0.105124921973,0.0951249219725
-0.0217016452508,-0.0209708955678,0.105124921973,0.0951249219725
-0.0209708955678,-0.0119674805513,0.105124921973,0.0951249219725
-0.0119674805513,-0.0092553012889,0.105124921973,0.0951249219725
-0.0092553012889,-0.00789542467879,0.105124921973,0.0951249219725
-0.00789542467879,-0.00704995988235,0.105124921973,0.0951249219725
-0.00704995988235,-0.00704621314541,0.105124921973,0.0951249219725
-0.00704621314541,-0.00803611447895,0.105124921973,0.0951249219725
-0.00803611447895,-0.00714114000971,0.105124921973,0.0951249219725
-0.00714114000971,-0.00117093673526,0.105124921973,0.0951249219725
-0.00117093673526,-0.00262696752768,0.105124921973,0.0951249219725
-0.00262696752768,0.00282994636658,0.105124921973,0.0951249219725
0.00282994636658,0.0036885807572,0.105124921973,0.0951249219725
0.0036885807572,0.0150610587722,0.105124921973,0.0951249219725
0.0150610587722,0.0131438587505,0.105124921973,0.0951249219725
0.0131438587505,0.0155430204242,0.105124921973,0.0951249219725
0.0155430204242,0.0170853256462,0.105124921973,0.0951249219725
